"family_name";"dosya"
"EXPERT-10";"001-021-0010.pdf"
"DURAMAX-12";"001-055-0012.pdf"
"DURALITE-12";"001-092-0012.pdf"
"HOROSCOPE-9";"001-084-0009NEW.pdf"
"DARK-10";"001-068-0010.pdf"
"FORCE-10";"001-067-0010.pdf"
"CONVEX";"001-064-0008.pdf"
"CONVEX";"001-064-0010.pdf"
"PROLUX-6";"001-075-0006.pdf NEWW.pdf"
"4,8X CABLE TIE4";"001-003-0006.pdf"
"4,8X CABLE TIE4";"001-003-0008.pdf"
"4,8X CABLE TIE4";"001-003-0010.pdf"
"ELITE";"001-005-0006.pdf"
"ELITE";"001-005-0008.pdf"
"ELITE";"001-005-0010.pdf"
"REFLED";"001-039-0004.pdf"
"REFLED";"001-040-0006.pdf"
"REFLED";"001-041-0010.pdf"
"REFLED";"001-042-0012.pdf"
"TORCH";"001-016-0020.pdf"
"TORCH";"001-016-0030.pdf"
"TORCH";"001-016-0040.pdf"
"TORCH";"001-016-0050.pdf"
"TORCH";"001-016-0080.pdf"
"TORCH";"001-016-0100.pdf"
"4,8X CABLE TIE";"001-056-0030.pdf"
"4,8X CABLE TIE";"001-056-0050.pdf"
"4,8X CABLE TIE";"001-056-0070.pdf"
"MEGA-5";"001-011-0005.pdf"
"CRAMER";"027-015-0020.pdf"
"MYRA-200 3CCT";"063-011-0200.pdf"
"CORN";"001-062-0004.pdf"
"CORN";"001-062-0007.pdf"
"GIGA";"GIGA 4W.pdf"
"GIGA";"GIGA 6W.pdf"
"EXA";"EXA 4W.pdf"
"EXA";"EXA 6W.pdf"
"MAKRO";"MAKRO 1.5W .pdf"
"MAKRO";"MAKRO 3W .pdf"
"MULTI";"MULTI 1.5W.pdf"
"MULTI";"MULTI 3W.pdf"
"DAISY";"001-061-0040.pdf"
"FILAMENT BALL";"FILAMENT BALL 4W.pdf"
"FILAMENT BALL";"FILAMENT BALL 6W.pdf"
"MINI";"001-009-0002 HL454L.pdf"
"PIKO";"PIKO 1.5W .pdf"
"PIKO";"PIKO 3.W .pdf"
"NANO";"NANO 1.5W.pdf"
"NANO";"NANO 3W.pdf"
"PREMIER";"PREMIER 5W.pdf"
"PREMIER";"PREMIER 7W.pdf"
"PREMIER";"PREMIER 8W.pdf"
"PREMIER";"PREMIER 9W.pdf"
"PREMIER";"PREMIER 10W.pdf"
"PREMIER";"PREMIER 12W.pdf"
"PREMIER";"PREMIER 15W.pdf"
"PREMIER";"PREMIER 18W.pdf"
"FULL";"003-001 SERIES-NEW.pdf"
"LEOPAR";"LEOPAR 20W.pdf"
"LEOPAR";"LEOPAR 30W.pdf"
"LEOPAR";"LEOPAR 50W.pdf"
"LEOPAR";"LEOPAR 100W.pdf"
"LEOPAR";"LEOPAR 150W.pdf"
"LEOPAR";"LEOPAR 200W.pdf"
"LEOPAR";"LEOPAR 300W.pdf"
"LEOPAR";"LEOPAR 400W.pdf"
"PARDUS";"PARDUS 10W.pdf"
"PARDUS";"PARDUS 20W.pdf"
"PARDUS";"PARDUS 30W.pdf"
"PARDUS";"PARDUS 50W.pdf"
"PARDUS";"PARDUS 100W.pdf"
"PARDUS";"PARDUS 200W.pdf"
"PARDUS";"PARDUS 300W.pdf"
"PALLAS";"PALLAS 50W.pdf"
"PALLAS";"PALLAS 50W.pdf"
"PALLAS";"PALLAS 100W.pdf"
"PALLAS";"PALLAS 200W.pdf"
"PALLAS";"PALLAS 300W.pdf"
"MARGAY";"MARGAY 50W.pdf"
"MARGAY";"MARGAY 100W.pdf"
"FANTASY";"FANTASY RGB.pdf"
"MARGAY";"MARGAY 200W.pdf"
"FANTASY";"FANTASY.pdf"
"MARGAY";"MARGAY 300W.pdf"
"COMFORT";"COMFORT RGB.pdf"
"COMFORT";"COMFORT.pdf"
"ASLAN";"ASLAN 10W.pdf"
"ASLAN";"ASLAN 20W.pdf"
"ASLAN";"ASLAN 30W.pdf"
"ASLAN";"ASLAN 50W.pdf"
"ASLAN";"ASLAN 100W.pdf"
"ASLAN";"ASLAN 200W.pdf"
"ASLAN";"ASLAN 300W.pdf"
"HALF";"003-002 SERIES-NEW.pdf"
"ASLAN/S";"ASLAN S 10W.pdf"
"ASLAN/S";"ASLAN S 20W.pdf"
"ASLAN/S";"ASLAN S 30W.pdf"
"ASLAN/S";"ASLAN S 50W.pdf"
"BORNEO";"BORNEO 50W.pdf"
"BORNEO";"BORNEO 100W.pdf"
"BORNEO";"BORNEO 200W.pdf"
"BORNEO";"BORNEO 300W.pdf"
"BORNEO";"BORNEO 400W.pdf"
"BORNEO";"BORNEO 500W.pdf"
"BORNEO";"BORNEO 600W.pdf"
"PETUNYA";"PETUNYA-1.pdf"
"PETUNYA";"PETUNYA-2.pdf"
"PETUNYA";"PETUNYA-3.pdf"
"MEYAN-S";"015-030-0001 NEW.pdf"
"BEGONVIL";"015-059-0001.pdf"
"FIRUZE";"015-058-0001.pdf"
"REMIX";"REMIX 20W.pdf"
"REMIX";"REMIX 30W.pdf"
"REMIX";"REMIX 50W.pdf"
"REMIX";"REMIX 100W.pdf"
"PEGASUS";"PEGASUS 10W.pdf"
"PEGASUS";"PEGASUS 20W.pdf"
"PEGASUS";"PEGASUS 30W.pdf"
"PEGASUS";"PEGASUS 50W.pdf"
"PEGASUS";"PEGASUS 100W.pdf"
"KADIFE";"015-060-0001.pdf"
"PEGASUS/W";"PEGASUS W 50W.pdf"
"PEGASUS/W";"PEGASUS W 100W.pdf"
"KARANFIL";"KARANFIL-R.pdf"
"KARANFIL";"KARANFIL-S.pdf"
"PROPORT";"PROPORT 20W.pdf"
"PROPORT";"PROPORT 45W.pdf"
"RINGO";"121-001-0001.pdf NEWW.pdf"
"ARMOR-8";"072-001-0008.pdf"
"RINGA";"121-002-0001 NEW.pdf"
"KAKTÜS";"KAKTÜS-R.pdf"
"KAKTÜS";"KAKTÜS-S.pdf"
"TIGER";"TIGER 25W.pdf"
"TIGER";"TIGER 40W.pdf"
"TIGER";"TIGER 60W.pdf"
"TIGER";"TIGER 100W.pdf"
"LAVINYA-R";"015-050-0001..pdf"
"SPIDER-16";"068-021-0016.pdf"
"LAVINYA-S";"015-051-0001..pdf"
"SARDUNYA";"SARDUNYA-R.pdf"
"SARDUNYA";"SARDUNYA-S.pdf"
"SPARROW-16";"068-022-0016.pdf"
"KAMELYA";"015-025-0050.pdf"
"PANDA-10";"068-023-0010.pdf"
"LAVANTA";"015-024-0050.pdf"
"ORKIDE";"015-007-0050 HL750.pdf"
"AZELYA";"AZELYA-1.pdf"
"AZELYA";"AZELYA-2.pdf"
"AZELYA";"AZELYA-3.pdf"
"AZELYA";"AZELYA-4.pdf"
"ANEMON";"ANEMON-1.pdf"
"ANEMON";"ANEMON-2.pdf"
"ANEMON";"ANEMON-3.pdf"
"ANEMON";"ANEMON-4.pdf"
"TOWER";"107-002-0080.pdf"
"RECESSED";"RECESSED-R.pdf"
"RECESSED";"RECESSED-SQ1.pdf"
"PORTABLE";"107-001-0003.pdf"
"RECESSED";"RECESSED-SQ2.pdf"
"RECESSED";"RECESSED-SQ3.pdf"
"RECESSED";"RECESSED-SQ4.pdf"
"TRIPOD SINGLE";"107-001-0001.pdf"
"TRIPOD DOUBLE";"107-001-0002.pdf"
"SURFACE";"SURFACE-R.pdf"
"SURFACE";"SURFACE-SQ1.pdf"
"SURFACE";"SURFACE-SQ2.pdf"
"SURFACE";"SURFACE-SQ3.pdf"
"SURFACE";"SURFACE-SQ4.pdf"
"MODUL-G";"128-003-0001.pdf"
"9X650 CABLE TIE";"VEGA-24 60W.pdf"
"9X650 CABLE TIE";"VEGA-24 100W.pdf"
"9X650 CABLE TIE";"VEGA-24 150W.pdf"
"9X650 CABLE TIE";"VEGA-24 200W.pdf"
"9X650 CABLE TIE";"VEGA-24 300W.pdf"
"LUNA";"016-041-0003.pdf"
"BIANCA";"016-036-0003.pdf"
"9X550 CABLE TIE";"VEGA 10W.pdf"
"9X550 CABLE TIE";"VEGA 36W.pdf"
"9X550 CABLE TIE";"VEGA 60W.pdf"
"9X550 CABLE TIE";"VEGA 100W.pdf"
"9X550 CABLE TIE";"VEGA 150W.pdf"
"9X550 CABLE TIE";"VEGA 200W.pdf"
"9X550 CABLE TIE";"VEGA 250W.pdf"
"SILVIA";"016-039-0001.pdf"
"9X550 CABLE TIE";"VEGA 360W.pdf"
"MONICA";"016-003-0001 HL665L.pdf"
"LOGAN 3CCT";"016-085-0005..pdf"
"MELODY";"016-069-0005.pdfNEW.pdf"
"GLOBE";"GLOBE-16W.pdf"
"GLOBE";"GLOBE-20W.pdf"
"PETA";"PETA-4W.pdf"
"PETA";"PETA-6W.pdf"
"PETA";"PETA-8W.pdf"
"PETA";"PETA-10W.pdf"
"PETA";"PETA-12W.pdf"
"COLORADO SOCKET";"081-006-0011.pdf"
"MICRO";"MICRO-1.5W.pdf"
"MICRO";"MICRO-3W.pdf"
"GANJ SOCKET";"081-009-0011.pdf"
"NEOLED SOCKET";"081-010-0011.pdf"
"TERA-2";"001-024-0002.pdf"
"NEVA SOCKET";"081-026-0011.pdf"
"AVON SOCKET";"081-025-0011.pdf"
"FILAMENT CANDLE";"FILAMENT CANDLE-4W.pdf"
"FILAMENT CANDLE";"FILAMENT CANDLE-6W.pdf"
"COLORADO RGB SOCKET";"081-006-0012.pdf"
"GANJ RGB SOCKET";"081-009-0012.pdf"
"FILAMENT FLAME";"FILAMENT FLAME-4W.pdf"
"FILAMENT FLAME";"FILAMENT FLAME-6W.pdf"
"GINZA";"001-050-0008.pdf"
"NELSON";"081-024-0001.pdf"
"GINZA-XL";"001-050-0008.pdf"
"NELSON/RGB";"081-024-0002.pdf"
"PARADOX";"001-052-0008.pdf"
"PARADOX-XL";"001-052-0008.pdf"
"ENIGMA";"001-051-0008.pdf"
"ENIGMA-XL";"001-051-0008.pdf"
"RAINBOW";"001-017-0001.pdf"
"SPECTRA";"001-017-0003.pdf"
"FIREFLUX";"001-048-0005.pdf"
"FLASH";"089-001-0001.pdf"
"FLEX";"089-001-0002.pdf"
"LUXOR";"089-001-0003.pdf"
"TUCSON";"088-001-0009.pdf"
"NORA PRO-5";"016-053-1005.pdf"
"AMARA";"016-079-0006.pdf"
"MEGANE";"088-001-0008.pdf"
"PARKER";"PARKER-5W.pdf"
"PARKER";"PARKER-12W.pdf"
"LINEA";"088-001-0003.pdf"
"FOCUS";"088-001-0001.pdf"
"MONDEO";"088-001-0010.pdf"
"ROVER";"088-001-0011.pdf"
"CARTER";"CARTER-5W.pdf"
"CARTER";"CARTER-12W.pdf"
"CORSA";"088-001-0006.pdf"
"POLO";"088-001-0007.pdf"
"STELLA";"STELLA 8W.pdf"
"STELLA";"STELLA 16W.pdf"
"STELLA";"STELLA 20W.pdf"
"STELLA";"STELLA 30W.pdf"
"MUSTANG";"088-002-0001.pdf"
"STELLA/SQ";"STELLA-SQ 8W.pdf"
"STELLA/SQ";"STELLA-SQ 16W.pdf"
"MUSTANG";"088-002-0002.pdf"
"STELLA/SQ";"STELLA-SQ 20W.pdf"
"STELLA/SQ";"STELLA-SQ 30W.pdf"
"DUSTER";"088-003-0001.pdf"
"NAVARA";"088-005-0001.pdf"
"ALEXIS 3CCT";"ALEXIS 6W.pdf"
"ALEXIS 3CCT";"ALEXIS 9W.pdf"
"ALEXIS 3CCT";"ALEXIS 12W.pdf"
"ALEXIS 3CCT";"ALEXIS 18W.pdf"
"ALEXIS 3CCT";"ALEXIS 24W.pdf"
"ALEXIS 3CCT";"ALEXIS 30W.pdf"
"LUCIA";"LUCIA 10W.pdf"
"LUCIA";"LUCIA 15W.pdf"
"PLAY";"086-005-0001.pdf"
"LUCIA";"LUCIA 20W.pdf"
"LUCIA";"LUCIA 25W.pdf"
"LUCIA";"LUCIA 30W.pdf"
"LUCIA";"LUCIA 35W.pdf"
"LUCIA";"LUCIA 40W.pdf"
"LORD";"086-001-0001.pdf"
"SOLID";"086-001-0002.pdf"
"7,2X300 CABLE TIE";"VANESSA 5W.pdf"
"7,2X300 CABLE TIE";"VANESSA 10W.pdf"
"7,2X300 CABLE TIE";"VANESSA 15W.pdf"
"7,2X300 CABLE TIE";"VANESSA 20W.pdf"
"7,2X300 CABLE TIE";"VANESSA 30W.pdf"
"MEGANE";"088-001-0008 (a).jpg"
"SOLO";"086-001-0006.pdf"
"ALBA";"086-001-0004.pdf"
"HELIX";"086-001-0003.pdf"
"ALEXA";"ALEXA 8W.pdf"
"ALEXA";"ALEXA 12W.pdf"
"ALEXA";"ALEXA 20W.pdf"
"ALEXA";"ALEXA 24W.pdf"
"ALEXA";"ALEXA 30W.pdf"
"FUJI-D";"086-002-0001.pdf"
"CLARA";"CLARA 6W.pdf"
"CLARA";"CLARA 12W.pdf"
"CLARA";"CLARA 15W.pdf"
"FUJI-A";"086-002-0002.pdf"
"MARIA";"MARIA 6W.pdf"
"MARIA";"MARIA 12W.pdf"
"MARIA";"MARIA 15W.pdf"
"NERO-D";"086-003-0001.pdf"
"NERO-A";"086-003-0002.pdf"
"MAXI-D";"086-004-0001.pdf"
"SLIM";"SLIM 3W.pdf"
"SLIM";"SLIM 6W.pdf"
"MAXI-A";"086-004-0002.pdf"
"SLIM";"SLIM 9W.pdf"
"SLIM";"SLIM 12W.pdf"
"SLIM";"SLIM 15W.pdf"
"SLIM";"SLIM 18W.pdf"
"SLIM";"SLIM 24W.pdf"
"HORIZON";"112-006-0001.pdf"
"HARLEY 2CCT";"HARLEY-5W.pdf"
"HARLEY 2CCT";"HARLEY-10W.pdf"
"HARLEY 2CCT";"HARLEY-16W.pdf"
"HARLEY 2CCT";"HARLEY-20W.pdf"
"CONTROLLER";"CONTROLLER-1.pdf"
"CONTROLLER";"CONTROLLER-2.pdf"
"CONTROLLER";"CONTROLLER-3.pdf"
"CONTROLLER";"CONTROLLER-4.pdf"
"TIMER";"TIMER-1.pdf"
"TIMER";"TIMER-2.pdf"
"TIMER";"TIMER-3.pdf"
"4,8X350 CABLE TIE";"VALENTINA 6W.pdf"
"4,8X350 CABLE TIE";"VALENTINA 12W.pdf"
"4,8X350 CABLE TIE";"VALENTINA 24W.pdf"
"4,8X350 CABLE TIE";"VALENTINA 36W.pdf"
"ALESYA";"ALESYA 10W.pdf"
"ALESYA";"ALESYA 15W.pdf"
"ALESYA";"ALESYA 20W.pdf"
"ALESYA";"ALESYA 25W.pdf"
"ALESYA";"ALESYA 30W.pdf"
"ALESYA";"ALESYA 40W.pdf"
"MATILDA 3CCT";"MATILDA 12W.pdf"
"MATILDA 3CCT";"MATILDA 18W.pdf"
"ATOM";"ATOM.pdf"
"EVA";"EVA SWITCH.pdf"
"EVA";"EVA SOCKET.pdf"
"SOFIA";"SOFIA 18W.pdf"
"SOFIA";"SOFIA 24W.pdf"
"SOFIA";"SOFIA 36W.pdf"
"SOFIA";"SOFIA 48W.pdf"
"SAFE MOTOR PROTECTOR";"114-008-0001.pdf"
"SELENA 3CCT";"SELENA 12W.pdf"
"SELENA 3CCT";"SELENA 18W.pdf"
"SELENA 3CCT";"SELENA 24W.pdf"
"SELENA 3CCT";"SELENA 36W.pdf"
"SAFE CONTACTOR";"SAFE (CONTACTOR).pdf"
"SAFE THERMAL RELAY";"SAFE ( THERMAL RELAY ).pdf"
"094-004-0001 GU4 10CM PORCELAIN LAMP HOLDER";"10 CM LAMP HOLDER.pdf"
"094-004-0001 GU4 20CM PORCELAIN LAMP HOLDER";"20 CM LAMP HOLDER.pdf"
"094-001-0001 E14 LAMP HOLDER";"094-001-0001.pdf"
"094-001-0002 E14 LAMP HOLDER";"094-001-0002.pdf"
"094-001-0003 E27 LAMP HOLDER";"094-001-0003.pdf"
"094-001-0004 E27 LAMP HOLDER";"094-001-0004.pdf"
"094-002-0002 E27 LAMP HOLDER";"094-002-0002.pdf"
"094-002-0001 E27 LAMP HOLDER";"094-002-0001.pdf"
"094-002-0003 E14 LAMP HOLDER";"094-002-0003.pdf"
"094-002-0004 E14 LAMP HOLDER";"094-002-0004.pdf"
"094-003-0001 E14 PORCELAIN LAMP HOLDER";"094-003-0001.pdf"
"094-003-0002 E27 PORCELAIN LAMP HOLDER IRON";"094-003-0002.pdf"
"094-003-0003 E27 PORCELAIN LAMP HOLDER IRON";"094-003-0003.pdf"
"094-003-0004 E27 PORCELAIN LAMP HOLDER";"094-003-0004.pdf"
"SAFE MCB";"SAFE (MCB).pdf"
"S2 STARTER";"S2.pdf"
"S10 STARTER";"S10.pdf"
"SAFE MCCB";"MCCB CIRCUIT BREAKER.pdf"
"CAT";"CAT5e UTP.pdf"
"CAT";"CAT6 UTP.pdf"
"RG6 COAXIAL CABLE";"RG6.pdf"
"SAFE RCCB";"RCCB CIRCUIT BREAKER.pdf"
"MARTHA";"MARTHA 18W.pdf"
"MARTHA";"MARTHA 18W 3CCT.pdf"
"IP 68 CONNECTOR";"IP 68 CONNECTOR-1.pdf"
"IP 68 CONNECTOR";"IP 68 CONNECTOR-2.pdf"
"MILENA 3CCT";"MILENA 12W.pdf"
"MILENA 3CCT";"MILENA 18W.pdf"
"MILENA 3CCT";"MILENA 24W.pdf"
"MILENA 3CCT";"MILENA 36W.pdf"
"SLIM CONNECTOR";"SLIM CONNECTOR-2.pdf"
"SLIM CONNECTOR";"SLIM CONNECTOR-3.pdf"
"SLIM CONNECTOR";"SLIM CONNECTOR-5.pdf"
"NORA PRO/S";"NORA PRO S-5.pdf"
"CONNECTOR";"CONNECTOR-2.pdf"
"CONNECTOR";"CONNECTOR-3.pdf"
"CONNECTOR";"CONNECTOR-5.pdf"
"CARLA";"CARLA 16W.pdf"
"CARLA";"CARLA 24W.pdf"
"CARLA";"CARLA 32W.pdf"
"CARLA";"CARLA 48W.pdf"
"CARLA";"CARLA-SQ 16W.pdf"
"CARLA";"CARLA-SQ 24W.pdf"
"CARLA";"CARLA-SQ 32W.pdf"
"CARLA";"CARLA-SQ 48W.pdf"
"7,2X CABLE TIE";"VALENTINA-S 12W.pdf"
"7,2X CABLE TIE";"VALENTINA-S 24W.pdf"
"7,2X CABLE TIE";"VALENTINA-S 36W.pdf"
"HAZEL";"HAZEL 24W.pdf"
"HAZEL";"HAZEL 32W.pdf"
"HAZEL";"HAZEL 40W.pdf"
"SCARLETT";"SCARLETT 30W.pdf"
"SCARLETT";"SCARLETT 30W 3CCT.pdf"
"ANDREA";"ANDREA 15W.pdf"
"ANDREA";"ANDREA 20W.pdf"
"ANDREA";"ANDREA 30W.pdf"
"ANDREA";"ANDREA-S 15W.pdf"
"ANDREA";"ANDREA-S 20W.pdf"
"ANDREA";"ANDREA-S 30W.pdf"
"CAROLINE";"CAROLINE 12W.pdf"
"CAROLINE";"CAROLINE 18W.pdf"
"ARINA";"ARINA 12W.pdf"
"ARINA";"ARINA 18W.pdf"
"ARINA";"ARINA 28W.pdf"
"CAROLINE";"CAROLINE 28W.pdf"
"PULSAR-48";"056-015-0048.pdf"
"AMBIANCE";"022-004-0001.pdf"
"PARADISE";"022-005-0001.pdf"
"CARNAVAL-ROLL";"022-003-0001.pdf"
"PROTEUS";"PROTEUS 36W.pdf"
"PROTEUS";"PROTEUS 48W.pdf"
"LAYLA-15";"016-073-0015.pdf"
"SANDRA";"SANDRA 5W.pdf"
"SANDRA";"SANDRA 10W.pdf"
"SANDRA";"SANDRA 15W.pdf"
"SANDRA";"SANDRA XL 5W.pdf"
"SANDRA";"SANDRA XL 10W.pdf"
"SANDRA";"SANDRA XL 15W.pdf"
"EDISON";"021-002-0001.pdf"
"SANDRA SQ";"SANDRA-SQ  10W.pdf"
"SANDRA SQ";"SANDRA-SQ  15W.pdf"
"SANDRA SQ";"SANDRA-SQ  XL 10W.pdf"
"TESLA";"021-003-0001.pdf"
"SANDRA SQ";"SANDRA-SQ  XL 15W.pdf"
"COMBO";"021-008-0001.pdf"
"GAUSS";"021-009-0001.pdf"
"NEWTON";"021-010-0001.pdf"
"KEPLER";"021-011-0001.pdf"
"MAXWELL";"021-012-0001.pdf"
"NOBEL";"021-013-0001.pdf"
"DREAM";"021-020-0001.pdf"
"SHARP";"021-019-0001.pdf"
"RONDO";"021-018-0001.pdf"
"GLOBAL";"021-021-0001.pdf"
"GLOBAL-X";"021-021-0002.pdf"
"AMPER";"021-022-0001.pdf"
"JOKER";"JOKER-1.pdf"
"JOKER";"JOKER-2.pdf"
"JOKER";"JOKER-3.pdf"
"ELEMENT";"021-015-0001.pdf"
"JOKER";"JOKER-4.pdf"
"JOKER";"JOKER-5.pdf"
"JOKER";"JOKER-6.pdf"
"ELEMENT";"021-015-0002.pdf"
"SPARK";"021-016-0001.pdf"
"SPARK";"021-016-0002.pdf"
"HARMONY";"021-017-0001.pdf"
"HARMONY";"021-017-0002.pdf"
"METEOR";"021-014-0001.pdf"
"METEOR";"021-014-0002.pdf"
"SALSA";"SALSA.pdf"
"SALSA";"SALSA-L.pdf"
"SALSA";"SALSA-XL.pdf"
"SALSA";"SALSA SQ-L.pdf"
"FALCON";"069-001-0110.pdf"
"MIAMI";"015-033-0001.pdf"
"COMBAT";"COMBAT 150W.pdf"
"COMBAT";"COMBAT 200W.pdf"
"COMBAT";"COMBAT 250W.pdf"
"POLE";"130-001-0001.pdf"
"FREZYA";"FREZYA-R.pdf"
"FREZYA";"FREZYA-S.pdf"
"COMPACT PRO";"COMPACT PRO 20W.pdf"
"COMPACT PRO";"COMPACT PRO 30W.pdf"
"COMPACT PRO";"COMPACT PRO 40W.pdf"
"GRAND";"GRAND 50W.pdf"
"GRAND";"GRAND 100W.pdf"
"GRAND";"GRAND 200W.pdf"
"GRAND";"GRAND 300W.pdf"
"PLAZMA-45";"056-010-0045.pdf"
"GRAND/XL";"GRAND XL 600W.pdf"
"GRAND/XL";"GRAND XL 900W.pdf"
"GRAND/XL";"GRAND XL 1200W.pdf"
"LAGUNA";"LAGUNA 50W.pdf"
"EUROPA-80";"056-009-0080.pdf"
"LAGUNA";"LAGUNA 100W.pdf"
"LAGUNA";"LAGUNA 200W.pdf"
"TAURUS";"TAURUS 36W.pdf"
"TAURUS";"TAURUS 48W.pdf"
"ROCKET";"ROCKET 30W.pdf"
"ROCKET";"ROCKET 50W.pdf"
"ROCKET";"ROCKET 100W.pdf"
"FLORIDA";"FLORIDA 30W.pdf"
"FLORIDA";"FLORIDA 50W.pdf"
"FLORIDA";"FLORIDA 100W.pdf"
"FLORIDA";"FLORIDA 150W.pdf"
"FLORIDA";"FLORIDA 200W.pdf"
"9X750 CABLE TIE";"VEGAS 50W.pdf"
"9X750 CABLE TIE";"VEGAS 100W.pdf"
"9X750 CABLE TIE";"VEGAS 150W.pdf"
"9X750 CABLE TIE";"VEGAS 200W.pdf"
"GALAKSI-45";"056-002-0045.pdf"
"NAR";"NAR-1.pdf"
"NAR";"NAR-2.pdf"
"STAR-50";"056-001-0050.pdf"
"NAR";"NAR-3.pdf"
"NAR";"NAR-4.pdf"
"NAR";"NAR-5.pdf"
"NAR";"NAR-6.pdf"
"NAR";"NAR-7.pdf"
"PALMERA/S";"PALMERA S1.pdf"
"PALMERA/S";"PALMERA S2.pdf"
"PALMERA/S";"PALMERA S3.pdf"
"PALMERA/S";"PALMERA S4.pdf"
"PALMERA";"PALMERA-1.pdf"
"PALMERA";"PALMERA-2.pdf"
"PALMERA";"PALMERA-3.pdf"
"PALMERA";"PALMERA-4.pdf"
"MOON";"MOON 32W.pdf"
"MOON";"MOON 40W.pdf"
"KAVAK/SQ";"KAVAK SQ 2.pdf"
"KAVAK/SQ";"KAVAK SQ 3.pdf"
"ELLIPTICXL";"ZODIAC 24W.pdf"
"KAVAK/SQ";"KAVAK SQ 4.pdf"
"ELLIPTICXL";"ZODIAC 36W.pdf"
"KAVAK/SQ";"KAVAK SQ 5.pdf"
"KAVAK";"KAVAK-2.pdf"
"KAVAK";"KAVAK-3.pdf"
"KAVAK";"KAVAK-4.pdf"
"KAVAK";"KAVAK-5.pdf"
"LADIN";"LADIN-1.pdf"
"LADIN";"LADIN-2.pdf"
"LADIN";"LADIN-3.pdf"
"LADIN";"LADIN-4.pdf"
"KAYIN";"KAYIN-1.pdf"
"KAYIN";"KAYIN-2.pdf"
"KAYIN";"KAYIN-3.pdf"
"KAYIN";"KAYIN-4.pdf"
"DRYKIT";"111-001-0001.pdf"
"MAGNET-R RECESSED RAIL";"MAGNET-S2_R2.pdf"
"MAGNET-S SURFACE RAIL";"MAGNET-S2_R2.pdf"
"MAGNET-LL LENS";"MAGNET-LL1 6W.pdf"
"MAGNET-LL LENS";"MAGNET-LL2 12W.pdf"
"MAGNET-LL LENS";"MAGNET-LL3 18W.pdf"
"MAGNET-LL LENS";"MAGNET-LL4 24W.pdf"
"MAGNET-LM LINEER";"MAGNET-LM1 12W.pdf"
"MAGNET-LM LINEER";"MAGNET-LM2 20W.pdf"
"MAGNET-LM LINEER";"MAGNET-LM3 28W.pdf"
"MAGNET-ALL ADUSTABLE LENS";"MAGNET-ALL1 12W.pdf"
"MAGNET-ALL ADUSTABLE LENS";"MAGNET-ALL2 18W.pdf"
"PALMIYE";"PALMIYE-1.pdf"
"PALMIYE";"PALMIYE-2.pdf"
"PALMIYE";"PALMIYE-3.pdf"
"PALMIYE";"PALMIYE-4.pdf"
"MAGNET-T TRACK";"MAGNET-T1 20W.pdf"
"MAGNET-T TRACK";"MAGNET-T2 30W.pdf"
"DEFNE";"DEFNE-1.pdf"
"DEFNE";"DEFNE-2.pdf"
"DEFNE";"DEFNE-3.pdf"
"DEFNE";"DEFNE-4.pdf"
"DEFNE";"DEFNE-5.pdf"
"PRESTIGE-1S";"076-053-1001.pdf"
"PRESTIGE";"PRESTIGE-1.pdf"
"PRESTIGE";"PRESTIGE-2.pdf"
"PRESTIGE";"PRESTIGE-3.pdf"
"PRESTIGE";"PRESTIGE-4.pdf"
"DEXTER";"DEXTER-1.pdf"
"DEXTER";"DEXTER-2.pdf"
"DEXTER";"DEXTER-3.pdf"
"DEXTER";"DEXTER-4.pdf"
"CALEX";"CALEX 10W.pdf"
"CALEX";"CALEX 20W.pdf"
"CALEX";"CALEX 30W.pdf"
"BEYOND";"076-087-0001.pdf"
"DYNAMIC-1S";"076-058-1001.pdf"
"DYNAMIC";"DYNAMIC-1.pdf"
"DYNAMIC";"DYNAMIC-2.pdf"
"DYNAMIC";"DYNAMIC-3.pdf"
"DYNAMIC";"DYNAMIC-4.pdf"
"MANGO";"MANGO-1.pdf"
"MANGO";"MANGO-2.pdf"
"MANGO";"MANGO-3.pdf"
"MANOLYA";"MANOLYA-1.pdf"
"MANOLYA";"MANOLYA-2.pdf"
"MANOLYA";"MANOLYA-3.pdf"
"MAMBA";"076-066-0001.pdf"
"MAGNET-P PENDANT";"MAGNET-P1 20W.pdf"
"MAGNET-P PENDANT";"MAGNET-P2 30W.pdf"
"MAMBA-SQ";"076-067-0001.pdf"
"REGNUM";"REGNUM-1.pdf"
"REGNUM";"REGNUM-2.pdf"
"REGNUM";"REGNUM-3.pdf"
"REGNUM";"REGNUM-4.pdf"
"GARDENYA";"GARDENYA-1.pdf"
"GARDENYA";"GARDENYA-2.pdf"
"GARDENYA";"GARDENYA-3.pdf"
"GARDENYA";"GARDENYA-4.pdf"
"PROTON/S";"PROTON-S 2W.pdf"
"PROTON/S";"PROTON-S 4W.pdf"
"PROTON/S";"PROTON-S 6W.pdf"
"PROTON/S";"PROTON-S 8W.pdf"
"NEUTRON";"NEUTRON 5W.pdf"
"NEUTRON";"NEUTRON 7W.pdf"
"NEUTRON";"NEUTRON 12W.pdf"
"NEUTRON";"NEUTRON 14W.pdf"
"MAGNET-PS POWER SUPPLY";"MAGNET-PS1_PS2.pdf"
"PROTON";"PROTON 2W.pdf"
"PROTON";"PROTON 4W.pdf"
"PROTON";"PROTON 6W.pdf"
"PROTON";"PROTON 8W.pdf"
"LAGOS";"076-070-0012.pdf"
"MAGNET-C";"MAGNET APPARATUS.pdf"
"CARAT";"076-071-0012.pdf"
"FACTOR-2";"076-075-0002.pdf"
"MAGNET-SJ";"MAGNET APPARATUS.pdf"
"BAT-6";"076-072-0006.pdf"
"MAGNET-RJ";"MAGNET APPARATUS.pdf"
"MAGNET-H";"MAGNET APPARATUS.pdf"
"MAGNET-RC";"MAGNET APPARATUS.pdf"
"MAGNET-RW";"MAGNET APPARATUS.pdf"
"MAGNET-SC";"MAGNET APPARATUS.pdf"
"MAGNET-SC";"MAGNET APPARATUS.pdf"
"BOLERO";"BOLERO 5W.pdf"
"BOLERO";"BOLERO 7W.pdf"
"BOLERO";"BOLERO 9W.pdf"
"METROPOL-12";"076-073-0012.pdf"
"MAGNET-SW";"MAGNET APPARATUS.pdf"
"ANGEL";"ANGEL 5W.pdf"
"ANGEL";"ANGEL 8W.pdf"
"ANGEL";"ANGEL 11W.pdf"
"SPARTA";"SPARTA 6W.pdf"
"SPARTA";"SPARTA 12W.pdf"
"HERMES";"HERMES 6W.pdf"
"HERMES";"HERMES 12W.pdf"
"KING/R";"KING-R 5W.pdf"
"PARMA";"PARMA 20W.pdf"
"KING/R";"KING-R 10W.pdf"
"PARMA";"PARMA 30W.pdf"
"KING/S";"KING-S 5W.pdf"
"KING/S";"KING-S 10W.pdf"
"SCADA";"076-074-0012.pdf"
"SPLIT";"SPLIT 12W.pdf"
"LUXIA-G";"076-078-0030.pdf"
"SPLIT";"SPLIT 18W.pdf"
"LUXIA";"076-079-0030.pdf"
"MORENA";"076-080-0020.pdf"
"CENOVA";"CENOVA 20W.pdf"
"CENOVA";"CENOVA 30W.pdf"
"PALACE";"076-081-0020.pdf"
"MARVEL-10";"076-052-0010.pdf"
"9X1020 CABLE TIE";"VECTOR 6W.pdf"
"9X1020 CABLE TIE";"VECTOR 12W.pdf"
"OPERA-10";"076-057-0010.pdf"
"IMPERIAL";"IMPERIAL 7W.pdf"
"IMPERIAL";"IMPERIAL 14W.pdf"
"SUPERB ";"076-040-0015.pdf"
"ANDIZ";"076-037-0009.pdf"
"SEKOYA";"076-038-0004.pdf"
"BREMEN 3CCT";"BREMEN 10W.pdf"
"BREMEN 3CCT";"BREMEN 20W.pdf"
"BREMEN 3CCT";"BREMEN 30W.pdf"
"BREMEN 3CCT";"BREMEN 40W.pdf"
"SAFARI ";"075-020-0001..pdf"
"SERVI";"076-009-0012.pdf"
"SELVI";"076-007-0006.pdf"
"7,2X350 CABLE TIE";"VARNA 20W.pdf"
"SALKIM";"076-008-0006.pdf"
"7,2X350 CABLE TIE";"VARNA 30W.pdf"
"7,2X350 CABLE TIE";"VARNA 36W.pdf"
"MESE";"076-004-0012.pdf"
"TAFLAN";"076-006-0006.pdf"
"ARDIÇ";"076-003-0006.pdf"
"LYON";"LYON 10W.pdf"
"LYON";"LYON 18W.pdf"
"LYON";"LYON 24W.pdf"
"MONACO-30";"018-019-0030.pdf"
"LONDRA";"LONDRA 12W.pdf"
"LONDRA";"LONDRA 15W.pdf"
"DRAGON";"076-060-0015.pdf"
"SEGMENT";"076-059-0024.pdf"
"CLEMENT";"076-062-0024.pdf"
"SWEEP";"076-061-0024.pdf"
"CRUZ";"076-063-0024.pdf"
"TANGO";"076-064-0024.pdf"
"BLADE";"076-065-0024.pdf"
"FARS";"018-030-0026.pdf"
"CUBE";"076-068-0008.pdf"
"CUBE-G";"076-069-0008.pdf"
"MAGMA-15";"076-090-0015.pdf"
"SUGA/RO";"076-021-0012.pdf"
"SUGA/RC";"076-019-0012.pdf"
"SUGA/SO";"076-022-0012.pdf"
"LONDRA-G";"115-005-0001.pdf"
"SUGA/SC";"076-020-0012.pdf"
"ARENA";"076-033-0010.pdf"
"OZMO";"078-015-0003.pdf"
"TORONTO";"115-004-0001.pdf"
"BASEL";"115-003-0001.pdf"
"DAKAR";"115-001-0001.pdf"
"RABAT";"115-002-0001.pdf"
"TOKYO";"017-002-0008.pdf"
"LOZAN";"116-001-0001.pdf"
"LIGHTING TRACK";"LIGHTING TRACK.pdf"
"RECESSED MONOPOINT";"RECESSED MONOPOINT.pdf"
"AVENUE 3CCT";"019-066-1040.pdf"
"SIRIUS";"078-012-0001.pdf"
"SIRIUS";"078-012-0002.pdf"
"MARS";"078-002-0001.pdf"
"NEPTUN";"078-004-0001.pdf"
"FORTUNE 3CCT";"019-051-1040.pdf"
"PLUTON";"078-005-0001.pdf"
"HALLEY";"078-006-0001.pdf"
"CRYSTAL";"078-009-0001.pdf"
"DIAMOND";"079-026-0001.pdf"
"DESTINY 3CCT";"019-067-1040.pdf"
"AWAX";"079-030-0001.pdf"
"AZUR";"AZUR 1W.pdf"
"AZUR";"AZUR 3W.pdf"
"AZUR";"AZUR 6W.pdf"
"AZUR";"AZUR 9W.pdf"
"AZUR";"AZUR 18W.pdf"
"AZUR";"AZUR 24W.pdf"
"ELMAS";"079-005-0002.pdf"
"INNOVA 3CCT";"019-034-1040 INNOVA3CCT.pdf"
"INCI";"079-004-0002.pdf"
"SAFIR";"079-003-0002.pdf"
"INNOVA";"INNOVA3 40W.pdf"
"INNOVA";"INNOVA10 80W.pdf"
"SEDEF";"079-015-0002.pdf"
"CONCORDE";"CONCORDE 24W.pdf"
"CONCORDE";"CONCORDE 36W.pdf"
"OLTU";"079-016-0002.pdf"
"BERIL";"079-017-0002.pdf"
"PERLE";"079-021-0002.pdf"
"ACROPOL";"019-057-0040.pdf"
"AMBER";"079-022-0002.pdf"
"TROYA";"019-058-0024.pdf"
"PERA";"079-023-0002.pdf"
"LIBERTY";"019-054-0030.pdf"
"MERCAN";"079-012-0002.pdf"
"AKIK";"079-013-0002.pdf"
"ONIKS";"079-014-0002.pdf"
"GÜMÜS";"079-018-0001.pdf"
"CORNELIA";"019-055-0060.pdf"
"BRONZ";"079-019-0001.pdf"
"BOR";"079-020-0001.pdf"
"MONZA";"019-059-0040NEW.pdf"
"COPERNIC";"019-060-0015.pdf"
"OLYMPIC";"019-035-0045.pdf"
"GENESIS";"019-036-0100.pdf"
"CRATER";"019-037-0020.pdf"
"KUVARS";"079-006-0002.pdf"
"KALSIT";"079-007-0002.pdf"
"OPAL";"079-008-0003.pdf"
"KORNET";"079-009-0002.pdf"
"GRANIT";"079-010-0002.pdf"
"PIRLANTA";"079-011-0003.pdf"
"AMOR";"019-056-0050.pdf"
"ORIENT";"019-016-0016.pdf"
"NEOLED";"081-010-0001.pdf"
"ORION";"019-017-0030.pdf"
"NEOLED/RGB";"NEOLED RGB.pdf"
"NEOLED/SLIM";"NEOLED SLIM.pdf"
"CYBER";"019-061-0024.pdf"
"AVALON";"019-018-0035.pdf"
"GLORY";"019-019-0045.pdf"
"CALIBUR-24";"019-031-0024.pdf"
"CARNAVAL ROLL";"081-004-0002.pdf"
"COLORADO";"081-006-0001.pdf"
"CAMEL-24";"019-032-0024.pdf"
"COLORADO/RGB";"081-006-0002.pdf"
"GANJ";"081-009-0001.pdf"
"PHOENIX";"019-020-0038.pdf"
"GANJ/RGB";"081-009-0002.pdf"
"ELECTRA";"019-021-0038.pdf"
"NEVA";"081-026-0001.pdf"
"AVON";"081-025-0001.pdf"
"COLUMBIA-24";"081-019-0002.pdf"
"SWAN-24";"081-021-0002.pdf"
"BELEK";"029-009-0003..pdf"
"CANTON-24";"081-020-0002.pdf"
"MAESTRO";"029-008-0010.pdf"
"DIGITAL";"DIGITAL-5.pdf"
"DIGITAL";"DIGITAL-10.pdf"
"SALDA";"SALDA 10W.pdf"
"SALDA";"SALDA 14W.pdf"
"SISAM";"029-006-0008.pdf"
"TRUVA";"029-007-0008.pdf"
"REN";"081-001-0001.pdf"
"REN/RGB";"081-001-0002.pdf"
"THAMES";"081-003-0001.pdf"
"THAMES/RGB";"081-003-0002.pdf"
"NIL";"081-002-0001.pdf"
"NIL/RGB";"081-002-0002.pdf"
"AMAZON";"081-005-0001.pdf"
"AMAZON/RGB";"081-005-0002.pdf"
"CRAMER 3CCT";"027-015-1020.pdf"
"CLARA";"DSC_1535.jpg"
"CRESPO";"084-036-0025.pdf"
"FORLAN";"084-023-0010.pdf"
"ROMARIO";"084-022-0010.pdf"
"KANU";"084-043-0008.pdf"
"HENRY";"084-034-0005.pdf"
"MALDINI";"MALDINI-2.pdf"
"MALDINI";"MALDINI-3.pdf"
"MESSI";"MESSI 9W.pdf"
"MESSI";"MESSI 15W.pdf"
"MESSI";"MESSI 23W.pdf"
"KEMER";"KEMER-1.pdf"
"KEMER";"KEMER-2.pdf"
"KEMER";"KEMER-3.pdf"
"KEMER";"KEMER-4.pdf"
"KEMER";"KEMER-5.pdf"
"BECKHAM";"BECKHAM 1W.pdf"
"BECKHAM";"BECKHAM 3W.pdf"
"ALVES";"ALVES 24W.pdf"
"ALVES";"ALVES 44W.pdf"
"BODRUM";"BODRUM-1.pdf"
"BODRUM";"BODRUM-2.pdf"
"BODRUM";"BODRUM-3.pdf"
"BODRUM";"BODRUM-4.pdf"
"TORRES";"TORRES 1W.pdf"
"TORRES";"TORRES 3W.pdf"
"MANAVGAT";"MANAVGAT-1.pdf"
"MANAVGAT";"MANAVGAT-2.pdf"
"MANAVGAT";"MANAVGAT-3.pdf"
"MANAVGAT";"MANAVGAT-4.pdf"
"MANAVGAT";"MANAVGAT-5.pdf"
"PELE";"PELE 0,5W.pdf"
"PELE";"PELE 1W.pdf"
"PELE";"PELE 3W.pdf"
"TOYGAR-12";"040-013-0012.pdf"
"SUMRU-12";"040-011-0012.pdf"
"EBABIL-12";"040-010-0012.pdf"
"BEST";"BEST 1W.pdf"
"BEST";"BEST 3W.pdf"
"BEST";"BEST 5W.pdf"
"MARADONA-2";"084-003-0002.pdf"
"LEYLEK";"LEYLEK 8W.pdf"
"LEYLEK";"LEYLEK 12W.pdf"
"ROBSON";"084-020-0002.pdf"
"KANARYA";"KANARYA 8W.pdf"
"KANARYA";"KANARYA 12W.pdf"
"KARTAL";"KARTAL 8W.pdf"
"KARTAL";"KARTAL 12W.pdf"
"TERMINAL";"TERMINAL 1-2-3.pdf"
"TERMINAL";"TERMINAL 24-26-28.pdf"
"ANKA";"ANKA 8W.pdf"
"ANKA";"ANKA 12W.pdf"
"FLAMINGO";"FLAMINGO 8W.pdf"
"FLAMINGO";"FLAMINGO 12W.pdf"
"KUGU";"040-006-0003.pdf"
"2,5X CABLE TIE";"040-007-0003.pdf"
"FLORYA";"FLORYA 3W.pdf"
"FLORYA";"FLORYA 6W.pdf"
"FLORYA";"FLORYA 9W.pdf"
"SIMGE";"048-014.pdf"
"RANA";"048-013-0060.pdf"
"BIHTER";"048-009-0060.pdf"
"BESTE";"049-037-0005.pdf"
"EBRU";"049-010-0010.pdf"
"IREM";"049-011-0005.pdf"
"BUDDY";"BUDDY.pdf"
"DERE-30";"052-007-0120NEW.pdf"
"HAVZA-60";"052-008-0120NEW.pdf"
"GAMA";"GAMA-30W.pdf"
"GAMA";"GAMA-60W.pdf"
"GAMA";"GAMA-80W.pdf"
"GAMA-X";"GAMA-X 30W.pdf"
"GAMA-X";"GAMA-X 60W.pdf"
"GAMA-X";"GAMA-X 80W.pdf"
"TETRA";"TETRA 18W.pdf"
"TETRA";"TETRA 36W.pdf"
"TETRA";"TETRA 72W.pdf"
"TETRA/SQ";"TETRA-SQ 27W.pdf"
"TETRA/SQ";"TETRA-SQ 54W.pdf"
"TETRA/SQ";"TETRA-SQ 72W.pdf"
"TUBOFIX";"TUBOFIX 60.pdf"
"TUBOFIX";"TUBOFIX 120.pdf"
"TUBOFIX-D";"TUBOFIX 60D.pdf"
"TUBOFIX-D";"TUBOFIX 120D.pdf"
"DORA";"085-001-0001.pdf"
"REX";"085-001-0002.pdf"
"BUGS";"085-001-0003.pdf"
"MAX";"085-001-0004.pdf"
"DUFFY";"085-001-0005.pdf"
"BUNNY 2CCT";"085-005-0001.pdf"
"ANDY 2CCT";"085-006-0001.pdf"
"IRMAK";"IRMAK 18W.pdf"
"IRMAK";"IRMAK 36W.pdf"
"IRMAK";"IRMAK 45W.pdf"
"NEHIR";"NEHIR 18W.pdf"
"NEHIR";"NEHIR 36W.pdf"
"NEHIR";"NEHIR 45W.pdf"
"OKYANUS";"OKYANUS 36W.pdf"
"OKYANUS";"OKYANUS 72W.pdf"
"OKYANUS";"OKYANUS 90W.pdf"
"MEDUSA";"MEDUSA 18W.pdf"
"MEDUSA";"MEDUSA 36W.pdf"
"MEDUSA";"MEDUSA 58W.pdf"
"SORENTO 3CCT";"071-017-0020.pdf"
"PALERMO 3CCT";"071-018-0015.pdf"
"BOLKAR-20";"071-014-0020.pdf"
"FARADAY";"FARADAY 24W.pdf"
"FARADAY";"FARADAY 36W.pdf"
"NORTON";"NORTON 24W.pdf"
"NORTON";"NORTON 36W.pdf"
"NEMRUT";"070-001-0060.pdf"
"AYDER";"070-012-0100.pdf"
"TOROS";"070-002-0060.pdf"
"KAÇKAR";"070-013-0100.pdf"
"MUNZUR";"070-014-0100.pdf"
"ARARAT";"070-006-0060.pdf"
"ERCIYES";"070-015-0100.pdf"
"LED TUBE";"LED TUBE 9W.pdf"
"LED TUBE";"LED TUBE 18W.pdf"
"LED TUBE";"LED TUBE 24W.pdf"
"PYRAMID";"PYRAMID 50W.pdf"
"PYRAMID";"PYRAMID 100W.pdf"
"PYRAMID";"PYRAMID 150W.pdf"
"PYRAMID";"PYRAMID 200W.pdf"
"TUBE";"TUBE-5.pdf"
"TUBE";"TUBE-8.pdf"
"HERKUL";"HERKÜL 100W.pdf"
"HERKUL";"HERKÜL 150W.pdf"
"HERKUL";"HERKÜL 200W.pdf"
"AZER";"AZER-1.pdf"
"AZER";"AZER-2.pdf"
"AZER";"AZER-3.pdf"
"SANDERO";"088-004-0001.pdf"
"ANGELA";"016-002-0002.pdf"
"PUMA";"PUMA 10W.pdf"
"PUMA";"PUMA 20W.pdf"
"PUMA";"PUMA 30W.pdf"
"PUMA";"PUMA 50W.pdf"
"PUMA";"PUMA 100W.pdf"
"PUMA";"PUMA 200W.pdf"
"ERDEK";"029-001-0005.pdf"
"CORONA";"088-001-0002.pdf"
"SMART";"088-001-0005.pdf"
"CAPELLA-48";"056-012-0048.pdf"
"AMPLIFIER";"AMPLIFIER-12A.pdf"
"AMPLIFIER";"AMPLIFIER-30A.pdf"
"TOUCH";"100-003-0288.pdf"
"TOUCH RGB";"100-004-0288.pdf"
"NEOLED SLIM SOCKET";"NEOLED SLIM SOCKET.pdf"
"PROFILE";"PROFILE R1-R2-R3-BR1-BR2-BR3.pdf"
"PROFILE";"PROFILE R5-R6-R7-BR5-BR6-BR7.pdf"
"PROFILE";"PROFILE S1-S2-S3-BS1-BS2-BS3.pdf"
"PROFILE";"PROFILE S4-S5-BS4-BS5.pdf"
"PROFILE";"PROFILE C1-BC1-F1-BF1.pdf"
"PROFILE BLACK COVER";"PROFILE R1-R2-R3-BR1-BR2-BR3.pdf"
"PROFILE BLACK COVER";"PROFILE R5-R6-R7-BR5-BR6-BR7.pdf"
"PROFILE BLACK COVER";"PROFILE S1-S2-S3-BS1-BS2-BS3.pdf"
"PROFILE BLACK COVER";"PROFILE S4-S5-BS4-BS5.pdf"
"PROFILE BLACK COVER";"PROFILE C1-BC1-F1-BF1.pdf"
"PROMASTER";"057-003-2120.pdf"
"PROFIX-S";"PROFIX 60S.pdf"
"PROFIX-S";"PROFIX 120S.pdf"
"PROFIX-D";"PROFIX 60D.pdf"
"PROFIX-D";"PROFIX 120D.pdf"
"RODOS";"RODOS 3W.pdf"
"RODOS";"RODOS 6W.pdf"
"RODOS";"RODOS 12W.pdf"
"BELEN";"BELEN 6W.pdf"
"BELEN";"BELEN 12W.pdf"
"BELEN";"BELEN 18W.pdf"
"SHARK-24";"027-001-0024.pdf"
"ELECTRON";"ELECTRON 15W.pdf"
"ELECTRON";"ELECTRON 24W.pdf"
"ELECTRON";"ELECTRON 36W.pdf"
"EPSILON";"EPSILON 15W.pdf"
"EPSILON";"EPSILON 24W.pdf"
"EPSILON";"EPSILON 36W.pdf"
"PIXEL";"PIXEL 36W.pdf"
"PIXEL";"PIXEL 48W.pdf"
"RADIUS";"RADIUS 36W.pdf"
"RADIUS";"RADIUS 48W.pdf"
"ETERNAL";"ETERNAL 36W.pdf"
"ETERNAL";"ETERNAL 48W.pdf"
"DISCOVERY";"DISCOVERY 36W.pdf"
"DISCOVERY";"DISCOVERY 48W.pdf"
"PHANTOM";"PHANTOM 36W.pdf"
"PHANTOM";"PHANTOM 48W.pdf"
"GHOST";"GHOST 36W.pdf"
"GHOST";"GHOST 48W.pdf"
"LIKYA";"LIKYA-1.pdf"
"LIKYA";"LIKYA-2.pdf"
"LIKYA";"LIKYA-3.pdf"
"LIKYA";"LIKYA-4.pdf"
"LIKYA";"LIKYA-5.pdf"
"LIKYA";"LIKYA-6.pdf"
"FORTUNE";"FORTUNE3-40W.pdf"
"FORTUNE";"FORTUNE5-40W.pdf"
"FORTUNE";"FORTUNE10-80W.pdf"
"ARTEMIS";"ARTEMIS 100W.pdf"
"ARTEMIS";"ARTEMIS 150W.pdf"
"ARTEMIS";"ARTEMIS 200W.pdf"
"ARTEMIS";"ARTEMIS 300W.pdf"
"AGORA";"AGORA 100W.pdf"
"AGORA";"AGORA 150W.pdf"
"AGORA";"AGORA 200W.pdf"
"AGORA";"AGORA 300W.pdf"
"TELESCOPE";"107-003-0040.pdf"
"NEOLED RGB RF";"NEOLED RGB RF.pdf"
"COLORADO&GANJ RGB RF";"COLORADO & GANJ RGB RF.pdf"
"NEOLED RGB SOCKET";"NEOLED RGB SOCKET.pdf"
"ICON";"ICON-R.pdf"
"ICON";"ICON-S.pdf"
"COMBO-10 3CCT";"001-073-0010 NEW.pdf"
"CARNAVAL ROLL";"VOLGA RGB.jpg"
"ALBATROS";"040-002-0004.pdf"
"FELIS";"FELIS 50W.pdf"
"FELIS";"FELIS 200W.pdf"
"CARNAVAL";"CARNAVAL.pdf"
"ORIGAMI";"001-053-0008.pdf"
"ORIGAMI-XL";"001-053-0008.pdf"
"ELLIPTIC";"001-054-0008.pdf"
"ELLIPTIC-XL";"001-054-0008.pdf"
"RUSTIC GLOBE-6";"001-030-0006.pdf"
"RUSTIC VINTAGE-6";"001-029-0006.pdf"
"RUSTIC TUBE";"RUSTIC TUBE-6.pdf"
"RUSTIC TUBE";"RUSTIC TUBE-8.pdf"
"FILAMENT GLOBE";"FILAMENT GLOBE-4.pdf"
"FILAMENT GLOBE";"FILAMENT GLOBE-6.pdf"
"FILAMENT GLOBE";"FILAMENT GLOBE-8.pdf"
"FILAMENT GLOBE";"FILAMENT GLOBE-10.pdf"
"FILAMENT GLOBE";"FILAMENT GLOBE-12.pdf"
"FILAMENT GLOBE";"FILAMENT GLOBE-15.pdf"
"ALEXA";"ALEXA 3CCT 8W.pdf"
"ALEXA";"ALEXA 3CCT 12W.pdf"
"ALEXA";"ALEXA 3CCT 20W.pdf"
"ALEXA";"ALEXA 3CCT 24W.pdf"
"ALEXA";"ALEXA 3CCT 30W.pdf"
"MIDI";"001-012-0002.pdf"
"TOLEDO";"001-049-0008.pdf"
"MEYAN-R";"015-029-0001.pdf"
"NANE";"015-061-0001.pdf"
"MODUL-9";"016-076-0009.pdf"
"ALEXIS 3CCT";"ALEXIS SQ-9.pdf"
"ALEXIS 3CCT";"ALEXIS SQ-9.pdf"
"ALEXIS 3CCT";"ALEXIS SQ-12.pdf"
"ALEXIS 3CCT";"ALEXIS SQ-18.pdf"
"ALEXIS 3CCT";"ALEXIS SQ-24.pdf"
"ALEXIS 3CCT";"ALEXIS SQ-30.pdf"
"FONIX";"FONIX 4W.pdf"
"FONIX";"FONIX 6W.pdf"
"FONIX";"FONIX 8W.pdf"
"FOX";"FOX 6W.pdf"
"FOX";"FOX 9W.pdf"
"FOX";"FOX 12W.pdf"
"FOX";"FOX 15W.pdf"
"CRAFT";"CRAFT 6W.pdf"
"CRAFT";"CRAFT 8W.pdf"
"CRAFT";"CRAFT 10W.pdf"
"DECO";"DECO 3W.pdf"
"DECO";"DECO 7W.pdf"
"PLUS";"PLUS 4W.pdf"
"PLUS";"PLUS 6W.pdf"
"PLUS";"PLUS 8W.pdf"
"PLUS";"PLUS 10W.pdf"
"POND";"POND 3W.pdf"
"POND";"POND 6W.pdf"
"SIGMA";"SIGMA.pdf"
"OMEGA";"OMEGA.pdf"
"094-004-0002 GU10 15CM PORCELAIN LAMP HOLDER";"094-004-0002.pdf"
"SOFIA";"SOFIA SQ 18W.pdf"
"SOFIA";"SOFIA SQ 24W.pdf"
"SOFIA";"SOFIA SQ 36W.pdf"
"SOFIA";"SOFIA SQ 48W.pdf"
"ULTRA";"ULTRA 6W.pdf"
"ULTRA";"ULTRA 8W.pdf"
"ULTRA";"ULTRA 10W.pdf"
"VISION";"VISION 6W.pdf"
"VISION";"VISION 8W.pdf"
"VISION";"VISION 10W.pdf"
"VIOLET";"VIOLET 9W.pdf"
"VIOLET";"VIOLET 12W.pdf"
"VIOLET";"VIOLET 18W.pdf"
"VIOLET";"VIOLET 24W.pdf"
"VIOLET";"VIOLET 36W.pdf"
"VANESSA";"VANESSA 5W.pdf"
"VANESSA";"VANESSA 10W.pdf"
"VANESSA";"VANESSA 15W.pdf"
"VANESSA";"VANESSA 20W.pdf"
"VANESSA";"VANESSA 30W.pdf"
"VALENTINA 2CCT";"VALENTINA 6W.pdf"
"VALENTINA 2CCT";"VALENTINA 12W.pdf"
"VALENTINA 2CCT";"VALENTINA 24W.pdf"
"VALENTINA 2CCT";"VALENTINA 36W.pdf"
"VALENTINA/S 2CCT";"VALENTINA-S 12W.pdf"
"VALENTINA/S 2CCT";"VALENTINA-S 24W.pdf"
"VALENTINA/S 2CCT";"VALENTINA-S 36W.pdf"
"ZODIAC";"ZODIAC 24W.pdf"
"ZODIAC";"ZODIAC 36W.pdf"
"VARNA";"VARNA 20W.pdf"
"VARNA";"VARNA 30W.pdf"
"VARNA";"VARNA 36W.pdf"
"VERTEX";"021-024-0001.pdf"
"VERSAY";"115-006-0001.pdf"
"VERONA";"116-002-0001.pdf"
"ZELDA 3CCT";"016-091-0005.pdf"
"VENEZIA";"019-057-0040.pdf"
"UFO PRO";"UFO PRO 30W.pdf"
"UFO PRO";"UFO PRO 50W.pdf"
"UFO PRO";"UFO PRO 70W.pdf"
"MEYAN";"MEYAN-R.pdf"
"MEYAN";"MEYAN-SQ.pdf"
"VOLTA";"021-001-0001.pdf"
"WEBER";"021-008-0001.pdf"
"TURNA";"040-007-0003.pdf"
"OMEGA";"SIGMA-4.jpg"
"ZEUGMA";"ZEGUMA 50W.pdf"
"ZEUGMA";"ZEGUMA 100W.pdf"
"ZEUGMA";"ZEGUMA 150W.pdf"
"ZEUGMA";"ZEGUMA 200W.pdf"
"TURBO 3 CCT";"TURBO 200W.pdf"
"TURBO 3 CCT";"TURBO 400W.pdf"
"TURBO 3 CCT";"TURBO 800W.pdf"
"WORKSHOP";"WORKSHOP 30W.pdf"
"WORKSHOP";"WORKSHOP 60W.pdf"
"VEGAS";"VEGAS 50W.pdf"
"VEGAS";"VEGAS 100W.pdf"
"VEGAS";"VEGAS 150W.pdf"
"VEGAS";"VEGAS 200W.pdf"
"ZIGANA";"070-005-0060.pdf"
"TWIST";"TWIST 5W.pdf"
"TWIST";"TWIST 7W.pdf"
"TWIST";"TWIST 12W.pdf"
"TWIST";"TWIST 15W.pdf"
"VIPER";"076-086-0017.pdf"
"VECTOR";"VECTOR 6W.pdf"
"VECTOR";"VECTOR 12W.pdf"
"ZAKKUM";"076-005-0006.pdf"
"MERIDA 3CCT";"050-001-0001.pdf"
"PRONTO 3CCT";"050-002-0001.pdf"
"AVIVA 3CCT";"050-003-0001.pdf"
"INTER 3CCT";"050-004-0001.pdf"
"WANDA 3CCT";"050-005-0001.pdf"
"ANDROMEDA 3CCT";"056-017-0050.pdf"
"VENÜS";"078-001-0001.pdf"
"VOLGA";"081-004-0001.pdf"
"VOLGA/RGB";"081-004-0002.pdf"
"VEGA/24";"VEGA-60 24V DC.pdf"
"VEGA/24";"VEGA-100 24V DC.pdf"
"VEGA/24";"VEGA-150 24V DC.pdf"
"VEGA/24";"VEGA-200 24V DC.pdf"
"VEGA/24";"VEGA-300 24V DC.pdf"
"VICTORY";"VICTORY 5-10.pdf"
"VESPA";"VESPA 60W.pdf"
"VESPA";"VESPA 100W.pdf"
"VESPA";"VESPA 150W.pdf"
"VESPA";"VESPA 200W.pdf"
"VESPA";"VESPA 250W.pdf"
"VESPA";"VESPA 360W.pdf"
"VEGA";"VEGA 10W.pdf"
"VEGA";"VEGA 36W.pdf"
"VEGA";"VEGA 60W.pdf"
"VEGA";"VEGA 100W.pdf"
"VEGA";"VEGA 120W.pdf"
"VEGA";"VEGA 150w.pdf"
"VEGA";"VEGA 200w.pdf"
"VEGA";"VEGA 250w.pdf"
"VEGA";"VEGA 360w.pdf"
"VIPA";"VIPA 12W.pdf"
"VIPA";"VIPA 24W.pdf"
"VIPA";"VIPA 36W.pdf"
"VIPA";"VIPA 48W.pdf"
"VIPA";"VIPA 60W.pdf"
"VIPA";"VIPA 72W.pdf"
"WENGER";"084-025-0012.pdf"
"WEAH";"084-045-0011.pdf"
"ZOLA";"084-038-0001.pdf"
"ZOFF";"084-019-0001.pdf"
"VIOLA";"086-001-0005.pdf"
"STELLA";"STELLA SQ-8W.pdf"
"STELLA";"STELLA SQ-16W.pdf"
"STELLA";"STELLA SQ-20W.pdf"
"STELLA";"STELLA SQ-30W.pdf"
"LAVINYA";"LAVINYA-R.pdf"
"LAVINYA";"LAVINYA-S.pdf"
"PROFIX";"PROFIX-60D.pdf"
"PROFIX";"PROFIX-60S.pdf"
"PROFIX";"PROFIX-120D.pdf"
"PROFIX";"PROFIX-120S.pdf"
"KING";"KING-R 5W.pdf"
"KING";"KING-R 10W.pdf"
"KING";"KING-S 5W.pdf"
"KING";"KING-S 10W.pdf"
"SUGA";"SUGA-RC 12W.pdf"
"SUGA";"SUGA-RO 12W.pdf"
"SUGA";"SUGA-SC 12W.pdf"
"SUGA";"SUGA-SO 12W.pdf"
"SUPERNOVA 3CCT";"056-018-0050.pdf"
"VEGA/24";"VEGA 100w.jpg"
"PAULA 3CCT";"PAULA-9W 3CCT.pdf"
"PAULA 3CCT";"PAULA-18W 3CCT.pdf"
"PAULA 3CCT";"PAULA-24W 3CCT.pdf"
"PAULA 3CCT";"PAULA-36W 3CCT.pdf"
"CAPITAL";"CAPITAL 5-10.pdf"
"FAIRY";"FAIRY 10-20-40.pdf"
"10 YARDS ADHESIVE TAPE";"10 YARDS.pdf"
"20 YARDS ADHESIVE TAPE";"20 YARDS.pdf"
"ADHESIVE TAPE";"10 YARDS.pdf"
"ADHESIVE TAPE";"20 YARDS.pdf"
"FAIRY";"FAIRY RGB-10-20.pdf"
"OPTIC";"OPTIC-7W.pdf"
"OPTIC";"OPTIC-12W.pdf"
"OPTIC";"OPTIC-15W.pdf"
"CUNDA";"029-011-0003.pdf"
"SLIM MAGNET-ALL ADJUSTABLE LENS";"SLIM MAGNET-ALL1.pdf"
"SLIM MAGNET-ALL ADJUSTABLE LENS";"SLIM MAGNET-ALL2.pdf"
"SLIM MAGNET-CC";"SLIM MAGNET APPARATUS.pdf"
"SLIM MAGNET-CI";"SLIM MAGNET APPARATUS.pdf"
"SLIM MAGNET-CL";"SLIM MAGNET APPARATUS.pdf"
"SLIM MAGNET-CT";"SLIM MAGNET APPARATUS.pdf"
"SLIM MAGNET-CX";"SLIM MAGNET APPARATUS.pdf"
"SLIM MAGNET-LL LENS";"SLIM MAGNET-LL1.pdf"
"SLIM MAGNET-LL LENS";"SLIM MAGNET-LL2.pdf"
"SLIM MAGNET-LM LINEER";"SLIM MAGNET-LM1.pdf"
"SLIM MAGNET-LM LINEER";"SLIM MAGNET-LM2.pdf"
"SLIM MAGNET-P PENDANT";"SLIM MAGNET-P1.pdf"
"SLIM MAGNET-P PENDANT";"SLIM MAGNET-P3.pdf"
"SLIM MAGNET-P PENDANT";"SLIM MAGNET-P5.pdf"
"SLIM MAGNET-PS POWER SUPPLY";"SLIM MAGNET-PS1-PS2.pdf"
"SLIM MAGNET-T TRACK";"SLIM MAGNET-T2.pdf"
"SLIM MAGNET-T TRACK";"SLIM MAGNET-T3.pdf"
"SLIM MAGNET-S SURFACE RAIL";"SLIM MAGNET-S2.pdf"
"SLIM MAGNET-LL LENS";"SLIM MAGNET- LL1.jpg"
"SLIM MAGNET-P PENDANT";"SLIM MAGNET-P5.jpg"
"OPTIC-G";"075-022-0001.pdf"
"OPTIC-X";"075-021.pdf"
"VESPA";"VESPA-360.jpg"
"SAILOR 3CCT";"SAILOR 18W.pdf"
"SAILOR 3CCT";"SAILOR 36W.pdf"
"SAILOR 3CCT";"SAILOR 45W.pdf"
"PALACE";"PALACE-1.jpg"
"OPTICX";"OPTIC-X-.jpg"
"VOLGA SOCKET";"SOCKET.pdf"
"VOLGA RGB SOCKET";"RGB SOCKET.pdf"
"LAMPARD";"084-044-0005.pdf"
"VESTA";"VESTA-18W.pdf"
"VESTA";"VESTA-25W.pdf"
"VESTA";"VESTA-45W.pdf"
"VESTA";"VESTA-60W.pdf"
"VESTA";"VESTA-100W.pdf"
"VESTA";"VESTA-150W.pdf"
"VESTA";"VESTA-200W.pdf"
"GRAND PRO";"GRAND PRO-50W.pdf"
"GRAND PRO";"GRAND PRO-100W.pdf"
"GRAND PRO";"GRAND PRO-200W.pdf"
"GRAND PRO";"GRAND PRO-300W.pdf"
"BELINDA";"BELINDA-30W.pdf"
"BELINDA";"BELINDA-45W.pdf"
"BELINDA";"BELINDA-60W.pdf"
"TIGER PRO";"TIGER PRO-50W.pdf"
"TIGER PRO";"TIGER PRO-100W.pdf"
"TIGER PRO";"TIGER PRO-200W.pdf"
"TIGER PRO";"TIGER PRO-300W.pdf"
"MERIDA";"050-001-0001.pdf"
"AVIVA";"050-003-0001.pdf"
"PRONTO";"050-002-0001.pdf"
"INTER";"050-004-0001.pdf"
"WANDA";"050-005-0001.pdf"
"ZELDA";"016-091-0005.pdf"
"ALEXIS";"ALEXIS 6W.pdf"
"ALEXIS";"ALEXIS 9W.pdf"
"ALEXIS";"ALEXIS 12W.pdf"
"ALEXIS";"ALEXIS 18W.pdf"
"ALEXIS";"ALEXIS 24W.pdf"
"ALEXIS";"ALEXIS 30W.pdf"
"ALEXIS";"ALEXIS SQ-9W.pdf"
"ALEXIS";"ALEXIS SQ-12W.pdf"
"ALEXIS";"ALEXIS SQ-18W.pdf"
"ALEXIS";"ALEXIS SQ-24W.pdf"
"ALEXIS";"ALEXIS SQ-30W.pdf"
"ANDY CCT";"085-006-0001.pdf"
"ARMOR";"072-001-0008.pdfNEW.pdf"
"ASLAN SENSOR";"ASLAN S 10W.pdf"
"ASLAN SENSOR";"ASLAN S 20W.pdf"
"ASLAN SENSOR";"ASLAN S 30W.pdf"
"ASLAN SENSOR";"ASLAN S 50W.pdf"
"AVENUE CCT";"019-066-1040.pdf"
"BAT";"076-072-0006.pdf"
"BOLKAR";"071-014-0020.pdfNEW.pdf"
"BREMEN";"BREMEN 10W.pdf"
"BREMEN";"BREMEN 20W.pdf"
"BREMEN";"BREMEN 30W.pdf"
"BREMEN";"BREMEN 40W.pdf"
"CALIBUR";"019-031-0024.pdf"
"CAMEL";"019-032-0024.pdf"
"CANTON";"081-020-0002.pdf"
"CAPELLA";"056-012-0048.pdf"
"COAXIAL CABLE";"RG6.pdf"
"COLUMBIA";"081-019-0002.pdf"
"BLACKADE";"076-065-0024.pdf"
"CUBEG";"076-069-0008.pdf"
"CRAMER CCT";"027-015-1020.pdf"
"DARK";"DARK-10.jpg"
"DERE";"052-007-0120NEW.pdf"
"DESTINY CCT";"019-067-1040.pdf"
"DURALITE";"001-092-0012.pdf"
"DYNAMIC SENSOR";"076-058-1001.pdf"
"EBABIL";"040-010-0012.pdf"
"ENIGMAXL";"001-051-0008.pdf"
"EUROPA";"056-009-0080.pdf"
"EXPERT";"001-021-0010.pdf"
"FACTOR";"076-075-0002.pdf"
"FORCE";"001-067-0010.pdf"
"FORTUNE CCT";"019-051-1040.pdf"
"FUJIA";"086-002-0002.pdf"
"FUJID";"086-002-0001.pdf"
"GALAKSI";"056-002-0045.pdf"
"GAMAX";"GAMA-30X.pdf"
"GAMAX";"GAMA-60X.pdf"
"GAMAX";"GAMA-80X.pdf"
"GLOBALX";"021-021-0002.pdf"
"HARLEY";"HARLEY-5W.pdf"
"HARLEY";"HARLEY-10W.pdf"
"HARLEY";"HARLEY-16W.pdf"
"HARLEY";"HARLEY-20W.pdf"
"HAVZA";"052-008-0120NEW.pdf"
"HOROSCOPE";"001-084-0009NEW.pdf"
"INNOVA CCT";"019-034-1040.pdf"
"IP  CONNECTOR";"IP68 CON..pdf"
"LAYLA";"016-073-0015.pdf"
"LOGAN";"016-085-0005..pdf"
"LONDRAG";"115-005-0001.pdf"
"LUXIAG";"076-078-0030.pdf"
"MAGMA";"076-090-0015.pdf"
"MAGNETSC";"MAGNET APPARATUS.pdf"
"MAGNETALL ADUSTABLE LENS";"MAGNET-ALL1 12W.pdf"
"MAGNETALL ADUSTABLE LENS";"MAGNET-ALL2 18W.pdf"
"MAGNETC ";"MAGNET APPARATUS.pdf"
"MAGNETLL LENS";"MAGNET-LL1 6W.pdf"
"MAGNETLL LENS";"MAGNET-LL2 12W.pdf"
"MAGNETLL LENS";"MAGNET-LL3 18W.pdf"
"MAGNETLL LENS";"MAGNET-LL4 24W.pdf"
"MAGNETLM LINEER";"MAGNET-LM1 12W.pdf"
"MAGNETLM LINEER";"MAGNET-LM2 20W.pdf"
"MAGNETLM LINEER";"MAGNET-LM3 28W.pdf"
"MAGNETP PENDANT";"MAGNET-P1 20W.pdf"
"MAGNETP PENDANT";"MAGNET-P2 30W.pdf"
"MAGNETPS POWER SUPPLY";"MAGNET-PS1_PS2.pdf"
"MAGNETR RECESSED RAIL";"MAGNET-S2_R2.pdf"
"MAGNETRC";"MAGNET APPARATUS.pdf"
"MAGNETRJ";"MAGNET APPARATUS.pdf"
"MAGNETRW";"MAGNET APPARATUS.pdf"
"MAGNETS SURFACE RAIL";"MAGNET-S2_R2.pdf"
"MAGNETSJ";"MAGNET APPARATUS.pdf"
"MAGNETSW";"MAGNET APPARATUS.pdf"
"MAMBASQ";"076-067-0001.pdf"
"MARADONA";"084-003-0002.pdf"
"MARVEL";"076-052-0010 (2).pdf"
"MATILDA";"MATILDA 12W.pdf"
"MATILDA";"MATILDA 18W.pdf"
"MAXIA";"086-004-0002.pdf"
"MAXID";"086-004-0001.pdf"
"MEGA";"001-011-0005.pdf"
"METROPOL";"076-073-0012.pdf"
"MILENA";"MILENA 12W.pdf"
"MILENA";"MILENA 18W.pdf"
"MILENA";"MILENA 24W.pdf"
"MILENA";"MILENA 36W.pdf"
"MODUL";"016-076-0009.pdf"
"MODULG";"128-003-0001.pdf"
"MYRA CCT";"063-011-0200.pdf"
"NEOLED SLIM";"NEOLED SLIM.pdf"
"NEROA";"086-003-0002.pdf"
"NEROD";"086-003-0001.pdf"
"NEROA";"NERO AD.jpg"
"NEROA";"NERO AD.jpg"
"OPERA";"076-057-0010.pdf"
"PALERMO";"071-018-0015.pdf"
"PANDA";"068-023-0010.pdf"
"PLAZMA";"056-010-0045.pdf"
"PRESTIGES";"076-053-1001.pdf"
"PROLUX";"001-075-0006.pdf NEWW.pdf"
"PULSAR";"056-015-0048.pdf"
"RUSTIC GLOBE";"001-030-0006.pdf"
"RUSTIC VINTAGE";"001-029-0006.pdf"
"SELENA";"SELENA 12W.pdf"
"SELENA";"SELENA 18W.pdf"
"SELENA";"SELENA 24W.pdf"
"SELENA";"SELENA 36W.pdf"
"SHARK";"027-001-0024.pdf"
"SELENA";"ARINA-12 BLACK.jpg"
"SORENTO";"071-017-0020.pdf"
"SPARROW";"068-022-0016.pdf"
"SPIDER";"068-021-0016.pdf"
"STAR";"056-001-0050.pdf"
"SUMRU";"040-011-0012.pdf"
"SWAN";"081-021-0002.pdf"
"TERA";"001-024-0002.pdf"
"TOUCHRGB";"100-004-0288.pdf"
"TOYGAR";"040-013-0012.pdf"
"STARTER";"S2.pdf"
"STARTER";"S10.pdf"
"NORA PRO-5";"016-053-1005.pdf"
